"","...1","created_utc","id","num_comments","score","url"
"1",13,2021-01-02,"kp1fga",16,1,"https://www.reddit.com/r/wallstreetbets/comments/kp1fga/what_are_your_current_positions_and_expectations/"
"2",18,2021-01-02,"koyvff",15,1,"https://www.reddit.com/r/wallstreetbets/comments/koyvff/what_is_an_alternative_to_robinhood_in_switzerland/"
"3",20,2021-01-02,"koxdw5",14,1,"https://www.reddit.com/r/wallstreetbets/comments/koxdw5/gamestop_is_a_bad_idea/"
"4",21,2021-01-02,"kox3fs",8,1,"https://www.reddit.com/r/wallstreetbets/comments/kox3fs/any_actually_experiences_at_a_gamestop_location/"
"5",24,2021-01-02,"kov7k0",6,1,"https://www.reddit.com/r/wallstreetbets/comments/kov7k0/use_your_stimmy_to_buy_gme/"
"6",1,2021-01-03,"kpv4it",3,1,"https://www.reddit.com/r/wallstreetbets/comments/kpv4it/is_1000_enough_to_start_off/"
"7",4,2021-01-03,"kptivq",6,1,"https://www.reddit.com/r/wallstreetbets/comments/kptivq/why_i_yolod_10k_into_weekly_weed_stocks_options_dd/"
"8",16,2021-01-03,"kpq5i4",18,1,"https://www.reddit.com/r/wallstreetbets/comments/kpq5i4/its_time_to_prove_the_gme_og_gang_is_serious/"
"9",21,2021-01-03,"kpnwir",8,1,"https://www.reddit.com/r/wallstreetbets/comments/kpnwir/a_cry_for_help/"
"10",3,2021-01-04,"kql0vt",7,1,"https://www.reddit.com/r/wallstreetbets/comments/kql0vt/important_information_on_pltr_and_gme/"
"11",5,2021-01-04,"kqkjqe",16,1,"https://www.reddit.com/r/wallstreetbets/comments/kqkjqe/option_purchases_over_100k_1223_1231/"
"12",9,2021-01-04,"kqjcmf",22,1,"https://www.reddit.com/r/wallstreetbets/comments/kqjcmf/qrtea_yes_qvc_dd_a_deep_dive_on_the_bull_case_for/"
"13",12,2021-01-04,"kqj4sl",15,1,"https://www.reddit.com/r/wallstreetbets/comments/kqj4sl/gme_investor_sentiment/"
"14",12,2021-01-05,"kr4nq1",6,1,"https://www.reddit.com/r/wallstreetbets/comments/kr4nq1/gme_is_going_to_moon_if_democrats_win_tonight/"
"15",13,2021-01-05,"kr4i2t",5,1,"https://www.reddit.com/r/wallstreetbets/comments/kr4i2t/ryan_cohen_now_following_financial_times_on/"
"16",16,2021-01-05,"kr3rgr",3,1,"https://www.reddit.com/r/wallstreetbets/comments/kr3rgr/psa_now_its_time_to_double_down_on_gme/"
"17",13,2021-01-06,"kry3g3",10,4,"https://www.reddit.com/r/wallstreetbets/comments/kry3g3/can_someone_tell_me_when_gme_will_report_holiday/"
"18",2,2021-01-07,"kspb97",18,6,"https://www.reddit.com/r/wallstreetbets/comments/kspb97/for_the_gme_out_there/"
"19",11,2021-01-08,"ktbsxu",21,4,"https://www.reddit.com/r/wallstreetbets/comments/ktbsxu/gme_fundamental_analysis/"
"20",12,2021-01-08,"ktbcay",4,0,"https://www.reddit.com/r/wallstreetbets/comments/ktbcay/gme/"
"21",20,2021-01-08,"kt9enf",8,14,"https://www.reddit.com/r/wallstreetbets/comments/kt9enf/gme_newbies_dont_lose_hope_this_price_action_is/"
"22",1,2021-01-09,"ku2050",10,5,"https://www.reddit.com/r/wallstreetbets/comments/ku2050/you_guys_made_me_way_too_comfortable_with_the/"
"23",3,2021-01-11,"kvd5ae",22,8,"https://www.reddit.com/r/wallstreetbets/comments/kvd5ae/weekly_update_selling_the_most_popular_options/"
"24",5,2021-01-11,"kvcown",4,1,"https://www.reddit.com/r/wallstreetbets/comments/kvcown/chwy_founded_to_take_on_amzn_in_pets_gme_rebooted/"
"25",9,2021-01-11,"kvbtrh",10,8,"https://www.reddit.com/r/wallstreetbets/comments/kvbtrh/old_gme_news_already_but_wanted_to_highlight_this/"
"26",19,2021-01-11,"kv9bhl",23,27,"https://www.reddit.com/r/wallstreetbets/comments/kv9bhl/wsb_has_made_me_way_too_comfortable_with_the_term/"
"27",1,2021-01-12,"kw1j3w",21,11,"https://www.reddit.com/r/wallstreetbets/comments/kw1j3w/the_ryan_cohen_pledge_gme/"
"28",17,2021-01-12,"kvvx5f",4,1,"https://www.reddit.com/r/wallstreetbets/comments/kvvx5f/am_25_yr_old_larper_and_just_yolod_20_of_my_life/"
"29",1,2021-01-13,"kwtg8g",8,6,"https://www.reddit.com/r/wallstreetbets/comments/kwtg8g/anyone_who_has_massive_fomo_on_gme/"
"30",16,2021-01-13,"kwsw7u",4,1,"https://www.reddit.com/r/wallstreetbets/comments/kwsw7u/too_late_to_jump_on_gme/"
"31",24,2021-01-13,"kwsqow",3,1,"https://www.reddit.com/r/wallstreetbets/comments/kwsqow/from_battery_day_to_valehalla_with_a_sprinkle_of/"
"32",0,2021-01-14,"kxi6bg",15,9,"https://www.reddit.com/r/wallstreetbets/comments/kxi6bg/google_trend_comparison_gme_pltr_pton_prpl/"
"33",23,2021-01-14,"kxhmlz",12,1,"https://www.reddit.com/r/wallstreetbets/comments/kxhmlz/dump_tsla_for_gme_or_pltr/"
"34",6,2021-01-16,"kytztz",22,26,"https://www.reddit.com/r/wallstreetbets/comments/kytztz/i_know_gme_calls_are_tempting_but/"
"35",9,2021-01-16,"kytgl9",9,11,"https://www.reddit.com/r/wallstreetbets/comments/kytgl9/please_make_two_threads_gme_and_bb/"
"36",10,2021-01-16,"kytbaf",17,13,"https://www.reddit.com/r/wallstreetbets/comments/kytbaf/for_less_than_half_of_1_gme_share_treat_yourself/"
"37",6,2021-01-17,"kzhvud",7,1,"https://www.reddit.com/r/wallstreetbets/comments/kzhvud/gme_brothers_how_will_we_catch_the_short_squeeze/"
"38",16,2021-01-17,"kzgxoa",8,1,"https://www.reddit.com/r/wallstreetbets/comments/kzgxoa/psa_for_anyone_who_wants_to_join_the_gme_gang/"
"39",17,2021-01-17,"kzgwzt",3,1,"https://www.reddit.com/r/wallstreetbets/comments/kzgwzt/gme_analysis/"
"40",23,2021-01-17,"kzgbcc",11,2,"https://www.reddit.com/r/wallstreetbets/comments/kzgbcc/gme_buy_in_too_high/"
"41",24,2021-01-17,"kzg1yp",15,0,"https://www.reddit.com/r/wallstreetbets/comments/kzg1yp/gme_autism/"
"42",1,2021-01-18,"l078x5",24,1,"https://www.reddit.com/r/wallstreetbets/comments/l078x5/stupid_question/"
"43",2,2021-01-18,"l077vo",4,1,"https://www.reddit.com/r/wallstreetbets/comments/l077vo/psa_turn_off_stock_lending_on_your_brokerage_make/"
"44",5,2021-01-18,"l0738g",24,1,"https://www.reddit.com/r/wallstreetbets/comments/l0738g/a_piece_of_advice_for_gme_autists/"
"45",8,2021-01-18,"l06rai",18,1,"https://www.reddit.com/r/wallstreetbets/comments/l06rai/are_you_sure_melvin_is_who_you_think_they_are/"
"46",9,2021-01-18,"l06lic",13,1,"https://www.reddit.com/r/wallstreetbets/comments/l06lic/ill_bet_you_cook_bacon_with_no_shirt_on/"
"47",17,2021-01-18,"l0683d",12,1,"https://www.reddit.com/r/wallstreetbets/comments/l0683d/i_spoke_with_a_gamestop_employee_gme_to_the_moon/"
"48",18,2021-01-18,"l06682",12,1,"https://www.reddit.com/r/wallstreetbets/comments/l06682/this_shit_is_worldwide_now_gme_to_the_edge_of_the/"
"49",20,2021-01-18,"l06556",21,1,"https://www.reddit.com/r/wallstreetbets/comments/l06556/shorts_are_losing_millions_of_dollars_everyday_on/"
"50",23,2021-01-18,"l05w2y",18,1,"https://www.reddit.com/r/wallstreetbets/comments/l05w2y/this_sub_is_essentially_a_platform_to_pump_stocks/"
"51",24,2021-01-18,"l05urt",6,1,"https://www.reddit.com/r/wallstreetbets/comments/l05urt/thoughts_on_gme_in_the_context_of_digital_gaming/"
"52",5,2021-01-19,"l0wfy5",17,27,"https://www.reddit.com/r/wallstreetbets/comments/l0wfy5/imaginea_gme_discussion/"
"53",6,2021-01-19,"l0wbpx",9,24,"https://www.reddit.com/r/wallstreetbets/comments/l0wbpx/retard21_is_spreading/"
"54",6,2021-01-20,"l1ll42",23,0,"https://www.reddit.com/r/wallstreetbets/comments/l1ll42/disney_long_call/"
"55",11,2021-01-20,"l1l38e",6,1,"https://www.reddit.com/r/wallstreetbets/comments/l1l38e/meme_video_edit_idea_gme_gladiator/"
"56",16,2021-01-20,"l1kzxg",6,12,"https://www.reddit.com/r/wallstreetbets/comments/l1kzxg/currently_an_old_picture_of_richard_and_a_post/"
"57",1,2021-01-21,"l2b6qw",15,1,"https://www.reddit.com/r/wallstreetbets/comments/l2b6qw/gold_and_silver_the_future_of_wall_street_bets/"
"58",8,2021-01-21,"l2b37s",4,1,"https://www.reddit.com/r/wallstreetbets/comments/l2b37s/activism_gme_board_wsb/"
"59",10,2021-01-21,"l2b2pe",13,1,"https://www.reddit.com/r/wallstreetbets/comments/l2b2pe/where_is_citronleft_located/"
"60",14,2021-01-21,"l2b013",6,1,"https://www.reddit.com/r/wallstreetbets/comments/l2b013/village_idiots/"
"61",24,2021-01-21,"l2av3o",7,1,"https://www.reddit.com/r/wallstreetbets/comments/l2av3o/maybe_someone_can_enlighten_me_about_a_question/"
"62",9,2021-01-22,"l30ctz",3,1,"https://www.reddit.com/r/wallstreetbets/comments/l30ctz/rollercoasterrr_of_wsb_gme_50k_and_epic_recovery/"
"63",16,2021-01-22,"l30aj5",14,1,"https://www.reddit.com/r/wallstreetbets/comments/l30aj5/new_to_stocks_is_it_too_late_to_throw_100_in_on/"
"64",17,2021-01-22,"l30ag7",8,1,"https://www.reddit.com/r/wallstreetbets/comments/l30ag7/the_next_step_of_our_journey_to_gme_heaven/"
"65",21,2021-01-22,"l309h1",8,2,"https://www.reddit.com/r/wallstreetbets/comments/l309h1/been_following_all_week_doubting_you_fools_went/"
"66",8,2021-01-23,"l3notz",10,1,"https://www.reddit.com/r/wallstreetbets/comments/l3notz/would_smelvin_capital_have_enough_money_to_cover/"
"67",11,2021-01-27,"l6hsqf",16,8,"https://www.reddit.com/r/wallstreetbets/comments/l6hsqf/autistic_son_yolos_moms_life_savings_on_gme_to/"
"68",18,2021-01-27,"l6hsds",8,3,"https://www.reddit.com/r/wallstreetbets/comments/l6hsds/just_dropped_all_my_unemployment_money_into_gme/"
"69",19,2021-01-27,"l6hsav",20,17,"https://www.reddit.com/r/wallstreetbets/comments/l6hsav/should_i_buy_gme_tmw_can_it_go_much_further/"
"70",7,2021-02-02,"lbadrc",23,35,"https://www.reddit.com/r/wallstreetbets/comments/lbadrc/loss_porn/"
"71",1,2021-02-04,"lcsh3h",16,31,"https://www.reddit.com/r/wallstreetbets/comments/lcsh3h/losing_is_the_first_step/"
"72",5,2021-02-04,"lcsg6i",12,2,"https://www.reddit.com/r/wallstreetbets/comments/lcsg6i/uk_based_and_made_a_loss_on_gme/"
"73",11,2021-02-04,"lcsehd",10,0,"https://www.reddit.com/r/wallstreetbets/comments/lcsehd/what_if_keanu_reeves_and_elon_musk_bought_gme_5000/"
"74",12,2021-02-04,"lcseam",21,30,"https://www.reddit.com/r/wallstreetbets/comments/lcseam/could_we_please_have_a_fucking_thread_that_has/"
"75",16,2021-02-04,"lcsdeb",20,34,"https://www.reddit.com/r/wallstreetbets/comments/lcsdeb/llsten_up_gme_you_own_the_stock_now_what/"
"76",2,2021-02-11,"lhye09",4,1,"https://www.reddit.com/r/wallstreetbets/comments/lhye09/we_still_holding_gme_i_fucked_up_big_time/"
"77",2,2021-02-12,"linzxi",15,1,"https://www.reddit.com/r/wallstreetbets/comments/linzxi/wanna_know_why_gmegamestop_is_shit_and_will_die/"
"78",20,2021-02-12,"limta4",3,1,"https://www.reddit.com/r/wallstreetbets/comments/limta4/gme_short_interest_drop_could_be_manipulation/"
"79",22,2021-02-12,"limrgg",3,1,"https://www.reddit.com/r/wallstreetbets/comments/limrgg/gme/"
"80",3,2021-02-13,"ljc9y5",5,1,"https://www.reddit.com/r/wallstreetbets/comments/ljc9y5/why_are_the_meme_stocks_amc_bb_nok_and_even_kos/"
"81",0,2021-02-14,"lk0eu4",4,1,"https://www.reddit.com/r/wallstreetbets/comments/lk0eu4/amc_or_gme/"
"82",11,2021-02-14,"ljz9ej",21,1,"https://www.reddit.com/r/wallstreetbets/comments/ljz9ej/issues_with_porfolio_value_negative_values_on_all/"
"83",6,2021-02-15,"lkptxm",4,1,"https://www.reddit.com/r/wallstreetbets/comments/lkptxm/this_was_deleted_multiple_times_im_reposting_this/"
"84",22,2021-02-17,"lm6ou0",11,1,"https://www.reddit.com/r/wallstreetbets/comments/lm6ou0/what_if_dfvs_hearing_is_the_next_catalyst/"
"85",2,2021-02-18,"ln11er",5,1,"https://www.reddit.com/r/wallstreetbets/comments/ln11er/i_made_a_template_for_you_to_send_to_your/"
"86",18,2021-02-18,"ln06y1",17,1,"https://www.reddit.com/r/wallstreetbets/comments/ln06y1/how_to_post_a_formal_letter_from_myself_to/"
"87",12,2021-02-19,"lnt4ql",3,1,"https://www.reddit.com/r/wallstreetbets/comments/lnt4ql/where_were_all_the_tough_questions/"
"88",21,2021-02-19,"lnsmq7",8,1,"https://www.reddit.com/r/wallstreetbets/comments/lnsmq7/gme_800_calls_synthetic_shares_deceptive_options/"
"89",24,2021-02-19,"lnsjaa",8,1,"https://www.reddit.com/r/wallstreetbets/comments/lnsjaa/ape_looks_at_gme_800_calls_with_open_interest_to/"
"90",5,2021-02-21,"lp9ssl",23,1,"https://www.reddit.com/r/wallstreetbets/comments/lp9ssl/why_isnt_anyone_here_talking_about_srmx/"
"91",2,2021-02-22,"lq3oov",8,1,"https://www.reddit.com/r/wallstreetbets/comments/lq3oov/watch_the_indexes_apes_gme_wont_moon_in_a_vacuum/"
"92",5,2021-02-22,"lq3ixs",14,1,"https://www.reddit.com/r/wallstreetbets/comments/lq3ixs/psa_its_silver_season_again_know_what_youre/"
"93",1,2021-02-25,"lsko9m",22,1,"https://www.reddit.com/r/wallstreetbets/comments/lsko9m/am_i_too_late_to_join_the_gme_train/"
"94",11,2021-02-25,"lskh9q",10,1,"https://www.reddit.com/r/wallstreetbets/comments/lskh9q/lets_see_your_gme_portfolio/"
"95",14,2021-02-25,"lskehz",14,0,"https://www.reddit.com/r/wallstreetbets/comments/lskehz/have_a_bunch_of_cash_in_an_old_employers_401k_and/"
"96",11,2021-02-26,"ltazml",3,7,"https://www.reddit.com/r/wallstreetbets/comments/ltazml/why_i_do_not_fear_going_broke_with_gamestop_gme/"
"97",14,2021-02-26,"ltay5e",22,14,"https://www.reddit.com/r/wallstreetbets/comments/ltay5e/thank_god_we_arent_detectivesgme_post/"
"98",19,2021-02-26,"ltara8",4,0,"https://www.reddit.com/r/wallstreetbets/comments/ltara8/gme/"
"99",21,2021-02-26,"ltapgx",18,74,"https://www.reddit.com/r/wallstreetbets/comments/ltapgx/long_term_investment_to_solidify_those_diamind/"
"100",1,2021-02-27,"lu0jd0",7,13,"https://www.reddit.com/r/wallstreetbets/comments/lu0jd0/gme_conspiracy_dddd_deep_dive_due_diligence/"
"101",23,2021-02-27,"ltzoyw",4,4,"https://www.reddit.com/r/wallstreetbets/comments/ltzoyw/gme_what_i_believe_to_be_the_next_melvin/"
"102",8,2021-02-28,"lu6hee",9,28,"https://www.reddit.com/r/wallstreetbets/comments/lu6hee/i_was_a_non_believer_until_today_gme/"
"103",10,2021-03-02,"lwfvgh",10,1,"https://www.reddit.com/r/wallstreetbets/comments/lwfvgh/this_needs_to_be_said/"
"104",0,2021-03-03,"lx7u6p",10,3,"https://www.reddit.com/r/wallstreetbets/comments/lx7u6p/gme_charts_options_and_general_information/"
"105",7,2021-03-03,"lx7n2q",4,3,"https://www.reddit.com/r/wallstreetbets/comments/lx7n2q/make_gme_gerat_again/"
"106",15,2021-03-03,"lx7eqa",19,0,"https://www.reddit.com/r/wallstreetbets/comments/lx7eqa/gme_rkt_and_others_stocks_read_this/"
"107",18,2021-03-03,"lx7bi4",22,22,"https://www.reddit.com/r/wallstreetbets/comments/lx7bi4/brazilian_ape_and_former_lurker_new_to_the_gme/"
"108",22,2021-03-03,"lx7835",22,23,"https://www.reddit.com/r/wallstreetbets/comments/lx7835/looking_at_price_charts_is_bad_and_stupid/"
"109",5,2021-03-04,"lxyrab",7,3,"https://www.reddit.com/r/wallstreetbets/comments/lxyrab/we_couldve_owned_gme_and_completely_bankrupted/"
"110",23,2021-03-04,"lxy3c0",4,6,"https://www.reddit.com/r/wallstreetbets/comments/lxy3c0/gme_amc_bbby_hold_you_filthy_animals/"
"111",0,2021-03-07,"lzudqb",7,1,"https://www.reddit.com/r/wallstreetbets/comments/lzudqb/the_algo_error_that_led_to_the_shorts_biggest/"
"112",6,2021-03-07,"lztz9n",17,7,"https://www.reddit.com/r/wallstreetbets/comments/lztz9n/air_purifier_play_in_a_post_covid_world/"
"113",9,2021-03-07,"lztn6x",4,1,"https://www.reddit.com/r/wallstreetbets/comments/lztn6x/help_my_trading_app_wont_let_me_sell_gme/"
"114",12,2021-03-07,"lztbtc",22,0,"https://www.reddit.com/r/wallstreetbets/comments/lztbtc/free_plays_for_you_smoothbrained_feces_throwing/"
"115",14,2021-03-07,"lzt1m1",10,2,"https://www.reddit.com/r/wallstreetbets/comments/lzt1m1/its_not_about_the_tendies_anymore_the_more_that/"
"116",5,2021-03-08,"m0tpya",8,1,"https://www.reddit.com/r/wallstreetbets/comments/m0tpya/gme_read_remember_why_we_are_here_apes/"
"117",11,2021-03-08,"m0thvi",6,1,"https://www.reddit.com/r/wallstreetbets/comments/m0thvi/you_come_first_dont_lost_it_all_again/"
"118",4,2021-03-10,"m2cp2p",14,1,"https://www.reddit.com/r/wallstreetbets/comments/m2cp2p/ride_or_die_boys_and_girls_read_please/"
"119",11,2021-03-10,"m2ci5i",24,1,"https://www.reddit.com/r/wallstreetbets/comments/m2ci5i/gme_dip_theory/"
"120",16,2021-03-10,"m2cenv",3,1,"https://www.reddit.com/r/wallstreetbets/comments/m2cenv/what_do_you_apes_think_gme_will_start_at_tommorow/"
"121",21,2021-03-10,"m2cdog",24,1,"https://www.reddit.com/r/wallstreetbets/comments/m2cdog/gamestop_counter_argument_keep_scrolling_if_you/"
"122",24,2021-03-10,"m2cala",23,1,"https://www.reddit.com/r/wallstreetbets/comments/m2cala/gme_vs_amc_comparison/"
"123",2,2021-03-11,"m34dcs",17,1,"https://www.reddit.com/r/wallstreetbets/comments/m34dcs/gme_please_help/"
"124",3,2021-03-11,"m34bxm",3,1,"https://www.reddit.com/r/wallstreetbets/comments/m34bxm/gme_being_shorted_by_youtuber/"
"125",7,2021-03-11,"m3489i",5,1,"https://www.reddit.com/r/wallstreetbets/comments/m3489i/i_want_to_get_an_estimate_of_the_gme_long/"
"126",9,2021-03-11,"m347hz",5,1,"https://www.reddit.com/r/wallstreetbets/comments/m347hz/gme_technical_analysis_from_a_cardiologists/"
"127",12,2021-03-11,"m3465n",21,1,"https://www.reddit.com/r/wallstreetbets/comments/m3465n/pregme_wall_street_bets/"
"128",0,2021-03-12,"m3um14",5,1,"https://www.reddit.com/r/wallstreetbets/comments/m3um14/s3_partners_sees_the_gme_short_squeeze_continuing/"
"129",11,2021-03-12,"m3u6bh",4,1,"https://www.reddit.com/r/wallstreetbets/comments/m3u6bh/discussion_dfv_might_have_sold_his_options/"
"130",14,2021-03-12,"m3u3k8",9,1,"https://www.reddit.com/r/wallstreetbets/comments/m3u3k8/gme_medical_financial_emergency/"
"131",15,2021-03-12,"m3u23o",21,1,"https://www.reddit.com/r/wallstreetbets/comments/m3u23o/has_anything_like_this_happened_before/"
"132",8,2021-03-14,"m578n5",4,1,"https://www.reddit.com/r/wallstreetbets/comments/m578n5/idea_decentralization_of_finance/"
"133",9,2021-03-14,"m575iw",16,1,"https://www.reddit.com/r/wallstreetbets/comments/m575iw/simplifying_law_dd_series_part_ii_nscc_rules/"
"134",10,2021-03-14,"m5736x",6,1,"https://www.reddit.com/r/wallstreetbets/comments/m5736x/wsb_may_singlehandedly_repair_the_fabric_of_space/"
"135",12,2021-03-14,"m56zo9",3,1,"https://www.reddit.com/r/wallstreetbets/comments/m56zo9/my_timeline_since_i_decided_to_join_wsb_and_post/"
"136",15,2021-03-14,"m56ri4",22,1,"https://www.reddit.com/r/wallstreetbets/comments/m56ri4/you_guys_made_me_cry_this_morning/"
"137",20,2021-03-14,"m56enh",16,1,"https://www.reddit.com/r/wallstreetbets/comments/m56enh/gme_will_hit_800_tomorrow_monday_march_10_heres/"
"138",4,2021-03-16,"m6mmz4",20,1,"https://www.reddit.com/r/wallstreetbets/comments/m6mmz4/gme_conspiracy_dd/"
"139",12,2021-03-16,"m6mdfp",7,1,"https://www.reddit.com/r/wallstreetbets/comments/m6mdfp/questions_about_the_gme_squeeze/"
"140",13,2021-03-16,"m6m9f0",11,1,"https://www.reddit.com/r/wallstreetbets/comments/m6m9f0/cum_a_new_etf_for_a_new_era/"
"141",16,2021-03-16,"m6m431",18,1,"https://www.reddit.com/r/wallstreetbets/comments/m6m431/deep_gme_exposure_part_2/"
"142",17,2021-03-16,"m6m3r5",3,1,"https://www.reddit.com/r/wallstreetbets/comments/m6m3r5/can_koss_help_us/"
"143",0,2021-03-17,"m75gfv",3,1,"https://www.reddit.com/r/wallstreetbets/comments/m75gfv/realtime_gme_tracker_megathread/"
"144",23,2021-03-17,"m74eps",12,1,"https://www.reddit.com/r/wallstreetbets/comments/m74eps/corno4825_gme_live_thread/"
"145",16,2021-03-28,"mfacrl",7,1,"https://www.reddit.com/r/wallstreetbets/comments/mfacrl/why_did_robinhood_fuck_me_on_this_option_sell/"
"146",0,2021-03-29,"mg2vk5",4,1,"https://www.reddit.com/r/wallstreetbets/comments/mg2vk5/gme_keep_at_least_1_share_why/"
"147",14,2021-03-29,"mg1oeu",20,1,"https://www.reddit.com/r/wallstreetbets/comments/mg1oeu/please_tell_me_im_wrong/"
"148",17,2021-03-29,"mg1ioi",19,1,"https://www.reddit.com/r/wallstreetbets/comments/mg1ioi/potential_tesla_drop_in_the_next_three_months/"
"149",2,2021-03-31,"mhipm0",9,1,"https://www.reddit.com/r/wallstreetbets/comments/mhipm0/12_call_options_exploded_today_what_does_that_mean/"
"150",2,2021-04-01,"mi7z0t",3,1,"https://www.reddit.com/r/wallstreetbets/comments/mi7z0t/sold_gme_for_pltr_lets_go_cathy/"
"151",13,2021-04-01,"mi6z0t",3,1,"https://www.reddit.com/r/wallstreetbets/comments/mi6z0t/tutorial_included_how_i_made_15_million_on_gme/"
"152",19,2021-04-01,"mi6131",3,1,"https://www.reddit.com/r/wallstreetbets/comments/mi6131/this_is_the_most_thorough_and_wellarticulated_dd/"
"153",9,2021-04-02,"miu1vc",10,1,"https://www.reddit.com/r/wallstreetbets/comments/miu1vc/margin_trading_or_cheatcode_rosebud/"
"154",20,2021-04-02,"miruul",10,1,"https://www.reddit.com/r/wallstreetbets/comments/miruul/writing_a_dissertation_to_shit_on_hedge_funds/"
"155",17,2021-04-03,"mjfq4v",5,1,"https://www.reddit.com/r/wallstreetbets/comments/mjfq4v/question_moass/"
"156",22,2021-04-03,"mje3ua",12,1,"https://www.reddit.com/r/wallstreetbets/comments/mje3ua/the_fomo_factor/"
"157",24,2021-04-03,"mjcxp0",3,2,"https://www.reddit.com/r/wallstreetbets/comments/mjcxp0/any_love_for_vanguard_yolos/"
"158",5,2021-04-04,"mk5sf3",3,0,"https://www.reddit.com/r/wallstreetbets/comments/mk5sf3/the_next_big_squeeze_not_gme_and_why_itll_happen/"
"159",7,2021-04-04,"mk5anh",6,6,"https://www.reddit.com/r/wallstreetbets/comments/mk5anh/deep_fucking_analysis_beyond_gme_more/"
"160",15,2021-04-04,"mk3pi5",3,0,"https://www.reddit.com/r/wallstreetbets/comments/mk3pi5/gopro_gme/"
"161",20,2021-04-04,"mk1c7f",3,3,"https://www.reddit.com/r/wallstreetbets/comments/mk1c7f/massive_fraud_in_gme_ownership_naked_shorts_were/"
"162",4,2021-04-05,"mky35l",12,1,"https://www.reddit.com/r/wallstreetbets/comments/mky35l/i_was_a_wsb_daily_reddit_man_when_you_friends/"
"163",7,2021-04-05,"mkxhux",3,1,"https://www.reddit.com/r/wallstreetbets/comments/mkxhux/my_gme_shares_are_miastolen_help/"
"164",11,2021-04-05,"mkwaet",8,1,"https://www.reddit.com/r/wallstreetbets/comments/mkwaet/is_time_for_sp_puts_yet/"
"165",15,2021-04-05,"mkvyqt",6,1,"https://www.reddit.com/r/wallstreetbets/comments/mkvyqt/when_do_the_gme_shorts_have_to_be_covered/"
"166",23,2021-04-05,"mkukr6",12,1,"https://www.reddit.com/r/wallstreetbets/comments/mkukr6/my_team_of_retards_is_currently_ranked_1_in_an/"
"167",3,2021-04-06,"mloqhj",9,1,"https://www.reddit.com/r/wallstreetbets/comments/mloqhj/i_think_its_time_you_gme_holders_switch_sides_and/"
"168",5,2021-04-07,"mmegs0",8,1,"https://www.reddit.com/r/wallstreetbets/comments/mmegs0/changes_to_callsputs_open_interest_holdings/"
"169",18,2021-04-07,"mmcaav",21,1,"https://www.reddit.com/r/wallstreetbets/comments/mmcaav/is_rehypothication_a_gme_or_wider_problem/"
"170",6,2021-04-08,"mn3xvl",7,1,"https://www.reddit.com/r/wallstreetbets/comments/mn3xvl/europoor_switching_strategy_fogfo_fear_of_getting/"
"171",18,2021-04-09,"mnpiw3",14,1,"https://www.reddit.com/r/wallstreetbets/comments/mnpiw3/some_tough_love_for_the_gme_holders/"
"172",1,2021-04-14,"mr37ty",8,1,"https://www.reddit.com/r/wallstreetbets/comments/mr37ty/ameritrade_is_posting_discouragement_for_gme_and/"
"173",12,2021-04-14,"mr1nvw",9,1,"https://www.reddit.com/r/wallstreetbets/comments/mr1nvw/thoughts_of_a_curious_ape_amc/"
"174",17,2021-04-14,"mr0nnn",4,1,"https://www.reddit.com/r/wallstreetbets/comments/mr0nnn/i_have_transferred_all_my_gme_shares_to_fidelity/"
"175",23,2021-04-14,"mr04b1",4,1,"https://www.reddit.com/r/wallstreetbets/comments/mr04b1/technical_ape_presents_clean_unbias_wedge_with/"
"176",10,2021-04-15,"mrq6fj",3,1,"https://www.reddit.com/r/wallstreetbets/comments/mrq6fj/help_with_stimulus_check/"
"177",16,2021-04-15,"mrovkx",16,1,"https://www.reddit.com/r/wallstreetbets/comments/mrovkx/what_the_hell_is_going_on_with_nio_lately/"
"178",17,2021-04-16,"msdv9g",20,1,"https://www.reddit.com/r/wallstreetbets/comments/msdv9g/dfv_doubled_down_and_14_were_bought_at_these/"
"179",4,2021-04-17,"mt1jvd",7,1,"https://www.reddit.com/r/wallstreetbets/comments/mt1jvd/what_the_fuck/"
"180",7,2021-04-17,"mt00ct",3,1,"https://www.reddit.com/r/wallstreetbets/comments/mt00ct/potential_short_squeeze_clov/"
"181",12,2021-04-17,"mszbwa",3,1,"https://www.reddit.com/r/wallstreetbets/comments/mszbwa/for_those_who_somehow_are_still_using_robinhood/"
"182",14,2021-04-17,"msyu0t",5,1,"https://www.reddit.com/r/wallstreetbets/comments/msyu0t/gaslog_partners_glop_looks_undervalued/"
"183",2,2021-04-18,"mtnlpp",6,1,"https://www.reddit.com/r/wallstreetbets/comments/mtnlpp/clov_cliff_notes/"
"184",11,2021-04-18,"mtlr7u",17,1,"https://www.reddit.com/r/wallstreetbets/comments/mtlr7u/an_open_letter_to_the_mods_gme_megathread/"
"185",13,2021-04-18,"mtjzs4",8,1,"https://www.reddit.com/r/wallstreetbets/comments/mtjzs4/i_thought_that_1_or_2_of_you_might_be_interested/"
"186",14,2021-04-18,"mtjqlt",3,1,"https://www.reddit.com/r/wallstreetbets/comments/mtjqlt/guy_on_twitter_puts_out_book_inspired_by_gme_and/"
"187",19,2021-04-18,"mtgocl",13,1,"https://www.reddit.com/r/wallstreetbets/comments/mtgocl/not_fud_institutions_change_the_rules_when_they/"
"188",22,2021-04-18,"mtfnkp",4,1,"https://www.reddit.com/r/wallstreetbets/comments/mtfnkp/my_reasons/"
"189",1,2021-04-19,"mudl2q",3,1,"https://www.reddit.com/r/wallstreetbets/comments/mudl2q/i_know_pretiming_varies_but_i_do_believe_this/"
"190",4,2021-04-19,"mudfuw",19,1,"https://www.reddit.com/r/wallstreetbets/comments/mudfuw/dgx_quest_diagnostics_iv_earnings_extravaganza/"
"191",6,2021-04-20,"mv24jk",4,2,"https://www.reddit.com/r/wallstreetbets/comments/mv24jk/using_historical_data_on_wednesdays_after_option/"
"192",5,2021-04-21,"mvr7no",7,1,"https://www.reddit.com/r/wallstreetbets/comments/mvr7no/novice_ape_with_extra_cash_how_buy_gme/"
"193",9,2021-04-22,"mwf7up",6,1,"https://www.reddit.com/r/wallstreetbets/comments/mwf7up/92372232_loss_porn_sorry_i_didnt_hit_a_million/"
"194",14,2021-04-23,"mx4vjc",6,1,"https://www.reddit.com/r/wallstreetbets/comments/mx4vjc/gme_technical_analysis/"
"195",15,2021-04-23,"mx4ts6",4,1,"https://www.reddit.com/r/wallstreetbets/comments/mx4ts6/gme_technical_analysis_bullish/"
"196",19,2021-04-23,"mx47vr",4,1,"https://www.reddit.com/r/wallstreetbets/comments/mx47vr/any_idea_why_the_fidelity_options_regulatory_fee/"
"197",20,2021-04-24,"mxqzs4",22,1,"https://www.reddit.com/r/wallstreetbets/comments/mxqzs4/keep_in_mind_that_a_substantial_amount_of/"
"198",9,2021-04-26,"mzarn9",6,1,"https://www.reddit.com/r/wallstreetbets/comments/mzarn9/what_gme_will_do_with_500m/"
"199",21,2021-04-26,"mz98ep",6,1,"https://www.reddit.com/r/wallstreetbets/comments/mz98ep/here_we_gme_again/"
"200",8,2021-04-28,"n0rhsv",14,1,"https://www.reddit.com/r/wallstreetbets/comments/n0rhsv/first_time_smooth_brain_with_a_margins_question/"
"201",16,2021-04-28,"n0py30",3,1,"https://www.reddit.com/r/wallstreetbets/comments/n0py30/deep_fing_value_invz_the_future_of_lidar/"
"202",19,2021-04-28,"n0pmw6",5,1,"https://www.reddit.com/r/wallstreetbets/comments/n0pmw6/the_next_level_up_for_retail_to_truly_bring_about/"
"203",10,2021-04-29,"n1exm4",3,1,"https://www.reddit.com/r/wallstreetbets/comments/n1exm4/because_fuck_you_thats_why/"
"204",3,2021-04-30,"n25wie",20,1,"https://www.reddit.com/r/wallstreetbets/comments/n25wie/i_still_dont_understand_gme_and_amc/"
"205",2,2021-05-01,"n2u4ly",15,1,"https://www.reddit.com/r/wallstreetbets/comments/n2u4ly/nio_short_interest_at_alltime_highs_increase_of/"
"206",3,2021-05-01,"n2u27i",3,1,"https://www.reddit.com/r/wallstreetbets/comments/n2u27i/nio_short_interest_at_alltime_highs_increase_of/"
"207",12,2021-05-01,"n2nig5",5,1,"https://www.reddit.com/r/wallstreetbets/comments/n2nig5/gme_retail_robbery_on_1272021/"
"208",15,2021-05-01,"n2m1yt",19,1,"https://www.reddit.com/r/wallstreetbets/comments/n2m1yt/short_squeeze_example_400_to_25000_gme_can_go_to/"
"209",3,2021-05-02,"n3fw2g",3,0,"https://www.reddit.com/r/wallstreetbets/comments/n3fw2g/hedgefunds_connected_to_stocks_like_gme/"
"210",14,2021-05-02,"n34w2p",8,1,"https://www.reddit.com/r/wallstreetbets/comments/n34w2p/busy_interactive_brokers_copy_pasting_responses/"
"211",20,2021-05-03,"n44acl",3,1,"https://www.reddit.com/r/wallstreetbets/comments/n44acl/its_not_much_but_took_gme_gains_and_donating_it/"
"212",21,2021-05-03,"n448ln",9,1,"https://www.reddit.com/r/wallstreetbets/comments/n448ln/next_phase_of_gains_be_prepared/"
"213",1,2021-05-05,"n5tkxn",5,1,"https://www.reddit.com/r/wallstreetbets/comments/n5tkxn/we_move_the_market_now/"
"214",4,2021-05-05,"n5taps",23,1,"https://www.reddit.com/r/wallstreetbets/comments/n5taps/how_did_gme_lose_all_that_volume_at_the_end_of/"
"215",6,2021-05-05,"n5t7lk",8,1,"https://www.reddit.com/r/wallstreetbets/comments/n5t7lk/doge/"
"216",8,2021-05-05,"n5s7xa",15,1,"https://www.reddit.com/r/wallstreetbets/comments/n5s7xa/question_regarding_gme/"
"217",12,2021-05-05,"n5rn58",21,1,"https://www.reddit.com/r/wallstreetbets/comments/n5rn58/yolo/"
"218",17,2021-05-05,"n5qywi",24,1,"https://www.reddit.com/r/wallstreetbets/comments/n5qywi/fyi_gme_shareholders_can_vote_now/"
"219",22,2021-05-05,"n5q39p",6,1,"https://www.reddit.com/r/wallstreetbets/comments/n5q39p/rkt_like_gme_missed_earnings_by_001/"
"220",24,2021-05-05,"n5pzen",9,1,"https://www.reddit.com/r/wallstreetbets/comments/n5pzen/gme_wednesday_june_9th_grapevine_texas_by/"
"221",1,2021-05-06,"n6kyfy",17,1,"https://www.reddit.com/r/wallstreetbets/comments/n6kyfy/order_flow_into_the_billions_is_that_reason_for/"
"222",12,2021-05-06,"n6idr7",17,1,"https://www.reddit.com/r/wallstreetbets/comments/n6idr7/non_gme_owners/"
"223",13,2021-05-06,"n6ic6u",13,1,"https://www.reddit.com/r/wallstreetbets/comments/n6ic6u/webull_to_fidelity_transferplease_read_if_you_are/"
"224",24,2021-05-06,"n6fcm5",16,1,"https://www.reddit.com/r/wallstreetbets/comments/n6fcm5/knsa_mega_dip_dd/"
"225",1,2021-05-07,"n7c6mj",3,1,"https://www.reddit.com/r/wallstreetbets/comments/n7c6mj/please_help_me_find_this_retard_who_just_yolod/"
"226",8,2021-05-07,"n79y1f",10,1,"https://www.reddit.com/r/wallstreetbets/comments/n79y1f/the_reason_why_massive_buying_and_holding_hasnt/"
"227",3,2021-05-08,"n80z6o",3,1,"https://www.reddit.com/r/wallstreetbets/comments/n80z6o/gme_undervalued_with_6172839/"
"228",12,2021-05-08,"n7zb2r",13,1,"https://www.reddit.com/r/wallstreetbets/comments/n7zb2r/inflation_at_times_gme_dillution_of_shares_and_pm/"
"229",14,2021-05-08,"n7z6qo",3,1,"https://www.reddit.com/r/wallstreetbets/comments/n7z6qo/gme_share_holders_diluted_to_pay_of_gme_debt_this/"
"230",22,2021-05-08,"n7va64",7,1,"https://www.reddit.com/r/wallstreetbets/comments/n7va64/gmerktamcpltr_hows_everyone_holding_up/"
"231",15,2021-05-09,"n8mjyf",3,1,"https://www.reddit.com/r/wallstreetbets/comments/n8mjyf/rumours_on_gme_raid_next_week/"
"232",22,2021-05-09,"n8kf7g",3,1,"https://www.reddit.com/r/wallstreetbets/comments/n8kf7g/mods_have_stood_down_gme_to_the_moon/"
"233",9,2021-05-10,"n9fck9",12,1,"https://www.reddit.com/r/wallstreetbets/comments/n9fck9/squeeze_catalyst_webull_is_loaning_your_stocks/"
"234",11,2021-05-11,"na8615",9,1,"https://www.reddit.com/r/wallstreetbets/comments/na8615/gme_similar_highly_shorted_security_ino/"
"235",17,2021-05-11,"na773c",10,1,"https://www.reddit.com/r/wallstreetbets/comments/na773c/which_of_you_diamond_handed_apes_did_i_run_into/"
"236",2,2021-05-12,"nb1dix",3,1,"https://www.reddit.com/r/wallstreetbets/comments/nb1dix/dear_apes_one_of_your_ape_brother_really_needs/"
"237",8,2021-05-12,"nazzpk",18,1,"https://www.reddit.com/r/wallstreetbets/comments/nazzpk/gme_holders_on_etoro_read_this_and_share_please/"
"238",10,2021-05-13,"nbr64e",7,1,"https://www.reddit.com/r/wallstreetbets/comments/nbr64e/gme_is_over_valued/"
"239",15,2021-05-13,"nbqbcm",13,1,"https://www.reddit.com/r/wallstreetbets/comments/nbqbcm/lets_revive_the_buried_wsb_culture_gme_to/"
"240",20,2021-05-13,"nbpr95",3,1,"https://www.reddit.com/r/wallstreetbets/comments/nbpr95/god_recently_invested_heavily_in_gme_amc_nok_and/"
"241",21,2021-05-13,"nbpr7l",20,1,"https://www.reddit.com/r/wallstreetbets/comments/nbpr7l/gme_down_30_in_two_months/"
"242",1,2021-05-14,"ncl38c",3,1,"https://www.reddit.com/r/wallstreetbets/comments/ncl38c/hodl_gme/"
"243",9,2021-05-14,"nch5ub",23,1,"https://www.reddit.com/r/wallstreetbets/comments/nch5ub/good_apes_much_tilray/"
"244",13,2021-05-14,"ncgb0j",3,1,"https://www.reddit.com/r/wallstreetbets/comments/ncgb0j/run_up_amc_and_gme_motivation/"
"245",20,2021-05-14,"ncezjq",8,1,"https://www.reddit.com/r/wallstreetbets/comments/ncezjq/worst_time_to_be_a_student/"
"246",12,2021-05-16,"ndp12n",21,1,"https://www.reddit.com/r/wallstreetbets/comments/ndp12n/i_built_a_program_that_tracks_mentions_and/"
"247",19,2021-05-16,"ndga82",9,1,"https://www.reddit.com/r/wallstreetbets/comments/ndga82/i_feel_like_the_juice_has_been_squeezed_out_of/"
"248",20,2021-05-16,"ndfbmz",3,1,"https://www.reddit.com/r/wallstreetbets/comments/ndfbmz/stocks_newbie_here_needing_a_bit_of_help/"
"249",4,2021-05-17,"nev81e",4,1,"https://www.reddit.com/r/wallstreetbets/comments/nev81e/soooo_squeeze_acb_like_gme_and_amc_i_mean_the/"
"250",9,2021-05-17,"netwfn",4,1,"https://www.reddit.com/r/wallstreetbets/comments/netwfn/gme_trending_up/"
"251",18,2021-05-17,"nesafj",3,1,"https://www.reddit.com/r/wallstreetbets/comments/nesafj/in_the_kitchen/"
"252",0,2021-05-19,"ngkz4w",3,1,"https://www.reddit.com/r/wallstreetbets/comments/ngkz4w/can_someone_please_update_me_on_gme_i_heard/"
"253",1,2021-05-19,"ngkqhe",22,1,"https://www.reddit.com/r/wallstreetbets/comments/ngkqhe/what_do_you_think_about_elon_musk/"
"254",3,2021-05-19,"ngjmdg",17,1,"https://www.reddit.com/r/wallstreetbets/comments/ngjmdg/gme_possible_merger_with_esports_giant_super/"
"255",16,2021-05-19,"ngfgxm",3,1,"https://www.reddit.com/r/wallstreetbets/comments/ngfgxm/amc_short_squeeze_is_on/"
"256",0,2021-05-20,"nheumb",8,1,"https://www.reddit.com/r/wallstreetbets/comments/nheumb/someone_hacked_be_so_all_i_have_to_do_is_watch/"
"257",1,2021-05-20,"nhet7x",22,1,"https://www.reddit.com/r/wallstreetbets/comments/nhet7x/where_are_the_ogs/"
"258",3,2021-05-20,"nhdgyk",4,1,"https://www.reddit.com/r/wallstreetbets/comments/nhdgyk/very_conservative_outlook_for_nok/"
"259",0,2021-05-22,"niu3wk",3,1,"https://www.reddit.com/r/wallstreetbets/comments/niu3wk/hello_im_new_here/"
"260",9,2021-05-22,"ninbze",4,1,"https://www.reddit.com/r/wallstreetbets/comments/ninbze/discussion_will_gme_do_a_101_stock_split/"
"261",18,2021-05-23,"nj24jc",9,1,"https://www.reddit.com/r/wallstreetbets/comments/nj24jc/dd_square_inc_sq_is_positioning_itself_to_make/"
"262",5,2021-05-24,"nk4kgn",3,1,"https://www.reddit.com/r/wallstreetbets/comments/nk4kgn/amc_gme_spce_shorts_are_at_risk_of_losing_400/"
"263",11,2021-05-24,"nk27cd",3,1,"https://www.reddit.com/r/wallstreetbets/comments/nk27cd/gme_type_shorting_in_other_markets_need_help/"
"264",13,2021-05-25,"nl1kdh",19,1,"https://www.reddit.com/r/wallstreetbets/comments/nl1kdh/good_game_for_amc_victory_is_near/"
"265",14,2021-05-25,"nl1f3u",7,1,"https://www.reddit.com/r/wallstreetbets/comments/nl1f3u/funny_is_as_stupid_does/"
"266",0,2021-05-26,"nluyui",5,1,"https://www.reddit.com/r/wallstreetbets/comments/nluyui/bb_go_brrrr/"
"267",2,2021-05-26,"nlur0c",13,1,"https://www.reddit.com/r/wallstreetbets/comments/nlur0c/bb_go_brrrrrr/"
"268",7,2021-05-26,"nlujut",3,1,"https://www.reddit.com/r/wallstreetbets/comments/nlujut/help_robinhood_to_fidelity_transfers/"
"269",10,2021-05-26,"nlu3k7",6,1,"https://www.reddit.com/r/wallstreetbets/comments/nlu3k7/nrxp_super_low_float_under_a_million_help_us/"
"270",16,2021-05-26,"nltm6t",8,1,"https://www.reddit.com/r/wallstreetbets/comments/nltm6t/its_only_a_loss_when_you_sell/"
"271",22,2021-05-26,"nlsrx4",22,1,"https://www.reddit.com/r/wallstreetbets/comments/nlsrx4/update_gme_july_16th_800_calls_life_savings_and/"
"272",4,2021-05-27,"nmkp45",6,1,"https://www.reddit.com/r/wallstreetbets/comments/nmkp45/new_to_the_community_investing/"
"273",11,2021-05-27,"nmk108",4,1,"https://www.reddit.com/r/wallstreetbets/comments/nmk108/a_plea_to_the_mods_for_the_good_of_gme/"
"274",12,2021-05-27,"nmjz12",22,1,"https://www.reddit.com/r/wallstreetbets/comments/nmjz12/lets_be_honest_im_a_ban_i_know_nobody_can_predict/"
"275",16,2021-05-27,"nmjg3g",3,1,"https://www.reddit.com/r/wallstreetbets/comments/nmjg3g/dont_forget_there_is_more_than_gme_and_amc_in_the/"
"276",1,2021-05-28,"nnac8t",9,1,"https://www.reddit.com/r/wallstreetbets/comments/nnac8t/reasons_to_be_bullish_on_bynd/"
"277",9,2021-05-28,"nn8ewe",10,1,"https://www.reddit.com/r/wallstreetbets/comments/nn8ewe/prediction_in_next_two_weeks_for_bb_amc/"
"278",15,2021-05-28,"nn7wvk",21,1,"https://www.reddit.com/r/wallstreetbets/comments/nn7wvk/what_happened/"
"279",16,2021-05-28,"nn7rx0",3,1,"https://www.reddit.com/r/wallstreetbets/comments/nn7rx0/what_the_fuck_happened_to_gme/"
"280",4,2021-05-29,"nnxt41",14,1,"https://www.reddit.com/r/wallstreetbets/comments/nnxt41/motley_fool_be_talking_garbage_about_gamestop/"
"281",6,2021-05-29,"nnx3nk",4,1,"https://www.reddit.com/r/wallstreetbets/comments/nnx3nk/not_gme_or_amc_but/"
"282",13,2021-05-29,"nnusps",14,1,"https://www.reddit.com/r/wallstreetbets/comments/nnusps/how_do_i_see_a_graph_of_my_profitloss_on_robinhood/"
"283",17,2021-05-29,"nntrl7",12,1,"https://www.reddit.com/r/wallstreetbets/comments/nntrl7/gme_amc_should_team_up_to_create_an_esports/"
"284",18,2021-05-29,"nntn65",6,1,"https://www.reddit.com/r/wallstreetbets/comments/nntn65/why_this_weekend_is_so_crucial/"
"285",20,2021-05-29,"nntk8x",3,1,"https://www.reddit.com/r/wallstreetbets/comments/nntk8x/please_dont_ont_use_words_like_we_and_or_our/"
"286",2,2021-05-30,"non4do",3,1,"https://www.reddit.com/r/wallstreetbets/comments/non4do/podcast_about_the_wall_street_bets/"
"287",7,2021-05-30,"noljd6",9,1,"https://www.reddit.com/r/wallstreetbets/comments/noljd6/baby_gains_for_a_fresh_new_graduate/"
"288",12,2021-05-30,"nok8qm",10,1,"https://www.reddit.com/r/wallstreetbets/comments/nok8qm/should_i_go_all_in_on_bb_and_gme_im_new/"
"289",18,2021-05-30,"noh5j7",14,1,"https://www.reddit.com/r/wallstreetbets/comments/noh5j7/incase_rh_or_any_other_platform_tries_to_shut/"
"290",21,2021-05-30,"nog0m4",17,1,"https://www.reddit.com/r/wallstreetbets/comments/nog0m4/amc_gainz_100_first_time/"
"291",0,2021-05-31,"npgoy5",3,1,"https://www.reddit.com/r/wallstreetbets/comments/npgoy5/xrp_ripple_short_squeeze_lets_do_it/"
"292",1,2021-05-31,"npgbez",12,1,"https://www.reddit.com/r/wallstreetbets/comments/npgbez/first_serious_dd/"
"293",13,2021-05-31,"np6gmn",6,3,"https://www.reddit.com/r/wallstreetbets/comments/np6gmn/where_to_find_info_about_amc_gme/"
"294",22,2021-05-31,"np1l7m",4,2,"https://www.reddit.com/r/wallstreetbets/comments/np1l7m/irrational_prisoners_dilemma_why_a_retarded/"
"295",3,2021-06-01,"nq7xcy",8,1,"https://www.reddit.com/r/wallstreetbets/comments/nq7xcy/after_failing_to_hold_i_have_recovered/"
"296",11,2021-06-01,"nq6ltl",7,1,"https://www.reddit.com/r/wallstreetbets/comments/nq6ltl/buy_bb_its_the_last_chance/"
"297",13,2021-06-01,"nq6fj0",3,1,"https://www.reddit.com/r/wallstreetbets/comments/nq6fj0/another_848_million_blow_to_short_sellers_amc_gme/"
"298",21,2021-06-01,"nq5q0j",3,1,"https://www.reddit.com/r/wallstreetbets/comments/nq5q0j/amc_and_gme/"
"299",4,2021-06-02,"nqznkn",16,1,"https://www.reddit.com/r/wallstreetbets/comments/nqznkn/starting_to_see_a_lot_of_is_this_just_a/"
"300",12,2021-06-02,"nqz5tf",3,1,"https://www.reddit.com/r/wallstreetbets/comments/nqz5tf/did_you_know/"
"301",17,2021-06-02,"nqyyra",3,1,"https://www.reddit.com/r/wallstreetbets/comments/nqyyra/this_week_amc_350_next_week_67_bb_150_and_next/"
"302",19,2021-06-02,"nqywmf",3,1,"https://www.reddit.com/r/wallstreetbets/comments/nqywmf/the_next_mega_squeeze_clov/"
"303",21,2021-06-02,"nqyspx",3,1,"https://www.reddit.com/r/wallstreetbets/comments/nqyspx/cine_uk_stock/"
"304",22,2021-06-02,"nqyroo",6,1,"https://www.reddit.com/r/wallstreetbets/comments/nqyroo/ive_got_10k_cash_what_should_i_buy_for_tomorrow/"
"305",3,2021-06-03,"nrqec7",17,8,"https://www.reddit.com/r/wallstreetbets/comments/nrqec7/taking_shitadel_to_the_clne_ers_my_23k_clne_yolo/"
"306",4,2021-06-03,"nrq7fs",4,0,"https://www.reddit.com/r/wallstreetbets/comments/nrq7fs/could_it_be_the_next_amc_or_gme/"
"307",13,2021-06-03,"nrnvzb",4,1,"https://www.reddit.com/r/wallstreetbets/comments/nrnvzb/gme_amc_bb_which_one_is_more_likely_to_land_on/"
"308",14,2021-06-03,"nrntwq",4,1,"https://www.reddit.com/r/wallstreetbets/comments/nrntwq/prime_broker_suspends_shorts_in_amcgmemvis/"
"309",20,2021-06-03,"nrn93a",6,2,"https://www.reddit.com/r/wallstreetbets/comments/nrn93a/random_beginner_option_questions/"
"310",1,2021-06-04,"nsiws4",7,1,"https://www.reddit.com/r/wallstreetbets/comments/nsiws4/mvis_squeeze_and_the_significance/"
"311",3,2021-06-04,"nsiqby",4,1,"https://www.reddit.com/r/wallstreetbets/comments/nsiqby/how_are_people_saying_bb_is_a_distraction/"
"312",7,2021-06-04,"nsiawc",16,1,"https://www.reddit.com/r/wallstreetbets/comments/nsiawc/is_elon_musk_the_one_really_behind_gme_amc_going/"
"313",9,2021-06-04,"nsia2b",23,1,"https://www.reddit.com/r/wallstreetbets/comments/nsia2b/i_did_the_unthinkable/"
"314",14,2021-06-04,"nshzj2",6,1,"https://www.reddit.com/r/wallstreetbets/comments/nshzj2/we_need_to_change_our_focus_amc_and_gme_are_near/"
"315",24,2021-06-04,"nsg3yt",3,1,"https://www.reddit.com/r/wallstreetbets/comments/nsg3yt/degenerate_story_time_financial_successes_and/"
"316",0,2021-06-05,"nt85av",20,1,"https://www.reddit.com/r/wallstreetbets/comments/nt85av/sofi_primed_to_blow_next_week_and_beyond_recent/"
"317",2,2021-06-05,"nt7yl9",14,1,"https://www.reddit.com/r/wallstreetbets/comments/nt7yl9/broke_up_with_my_billionaire_boyfriend_and_invest/"
"318",4,2021-06-05,"nt7dha",9,1,"https://www.reddit.com/r/wallstreetbets/comments/nt7dha/im_a_paper_handed_bitch_but_im_green/"
"319",10,2021-06-05,"nt528s",14,1,"https://www.reddit.com/r/wallstreetbets/comments/nt528s/comparing_the_gme_and_the_amc_rally/"
"320",11,2021-06-05,"nt4wnb",23,1,"https://www.reddit.com/r/wallstreetbets/comments/nt4wnb/bb_will_be_the_icing_on_the_cake_for_wsb/"
"321",14,2021-06-05,"nt4mqj",21,1,"https://www.reddit.com/r/wallstreetbets/comments/nt4mqj/wsb_observations_less_stock_talk_and_more/"
"322",16,2021-06-05,"nt4e0e",7,1,"https://www.reddit.com/r/wallstreetbets/comments/nt4e0e/unlimited_tendies_cycles_hfs_reshorting_on_the/"
"323",19,2021-06-05,"nt3uah",15,1,"https://www.reddit.com/r/wallstreetbets/comments/nt3uah/the_state_of_the_sub/"
"324",24,2021-06-05,"nt2zld",18,1,"https://www.reddit.com/r/wallstreetbets/comments/nt2zld/bb_price_action_compare_to_gme_and_amc/"
"325",3,2021-06-06,"ntyrq9",3,1,"https://www.reddit.com/r/wallstreetbets/comments/ntyrq9/attempting_to_communicate_directly_to_the_right/"
"326",4,2021-06-06,"ntyrix",12,1,"https://www.reddit.com/r/wallstreetbets/comments/ntyrix/dear_elon/"
"327",13,2021-06-06,"ntxvai",15,1,"https://www.reddit.com/r/wallstreetbets/comments/ntxvai/well_health_technologies_has_every_ingredient_for/"
"328",21,2021-06-06,"ntvssd",8,1,"https://www.reddit.com/r/wallstreetbets/comments/ntvssd/gme_is_a_sleeping_giant/"
"329",23,2021-06-06,"ntvc07",23,1,"https://www.reddit.com/r/wallstreetbets/comments/ntvc07/what_if_were_right/"
"330",3,2021-06-07,"nupuhu",11,1,"https://www.reddit.com/r/wallstreetbets/comments/nupuhu/why_wall_street_cnbc_pundits_want_the_amc_trade/"
"331",7,2021-06-07,"nuoyw8",4,1,"https://www.reddit.com/r/wallstreetbets/comments/nuoyw8/2021_the_year_the_bulls_and_the_apes_came/"
"332",13,2021-06-07,"nunprr",14,0,"https://www.reddit.com/r/wallstreetbets/comments/nunprr/question_about_dd/"
"333",15,2021-06-07,"nun8t9",6,2,"https://www.reddit.com/r/wallstreetbets/comments/nun8t9/with_amc_gme_and_bb_pooping_off_its_time_to_let/"
"334",12,2021-06-08,"nvhetl",7,1,"https://www.reddit.com/r/wallstreetbets/comments/nvhetl/i_dont_know_what_to_buy_for_tmr_someone_help/"
"335",18,2021-06-08,"nvh773",23,1,"https://www.reddit.com/r/wallstreetbets/comments/nvh773/fools_gold/"
"336",21,2021-06-08,"nvh2th",3,1,"https://www.reddit.com/r/wallstreetbets/comments/nvh2th/nio_is_sleeping_needs_and_energy_shot/"
"337",24,2021-06-08,"nvgt5w",7,1,"https://www.reddit.com/r/wallstreetbets/comments/nvgt5w/crsr_fueling/"
"338",11,2021-06-09,"nw9b8m",20,4,"https://www.reddit.com/r/wallstreetbets/comments/nw9b8m/computershare_gme_vote_counting_agency_overvoting/"
"339",24,2021-06-09,"nw7z1s",18,4,"https://www.reddit.com/r/wallstreetbets/comments/nw7z1s/gme_downturn_afterhours_caused_by_mass_shorting/"
"340",7,2021-06-10,"nx1l88",4,1,"https://www.reddit.com/r/wallstreetbets/comments/nx1l88/safe_app_for_amc_and_gme_away_from_the_hedgies/"
"341",10,2021-06-10,"nx10gk",4,1,"https://www.reddit.com/r/wallstreetbets/comments/nx10gk/gme_repetitive_pattern_or_am_i_crazy/"
"342",12,2021-06-10,"nx0t61",8,30,"https://www.reddit.com/r/wallstreetbets/comments/nx0t61/the_sec_want_to_crack_down_subpoenas_gme/"
"343",16,2021-06-10,"nx093r",20,11,"https://www.reddit.com/r/wallstreetbets/comments/nx093r/relative_rotation_graph_rrgs_discussion_6112021/"
"344",3,2021-06-11,"nxsjd4",4,1,"https://www.reddit.com/r/wallstreetbets/comments/nxsjd4/what_happened_with_koss/"
"345",6,2021-06-11,"nxs6x4",6,1,"https://www.reddit.com/r/wallstreetbets/comments/nxs6x4/we_need_your_help_wsb/"
"346",24,2021-06-11,"nxoxec",3,1,"https://www.reddit.com/r/wallstreetbets/comments/nxoxec/short_gme/"
"347",2,2021-06-12,"nyjpb2",24,1,"https://www.reddit.com/r/wallstreetbets/comments/nyjpb2/trying_to_verify_the_truth_of_something_i_read/"
"348",4,2021-06-12,"nyj76l",3,1,"https://www.reddit.com/r/wallstreetbets/comments/nyj76l/trying_to_learn_covered_calls_and_i_have_a/"
"349",5,2021-06-12,"nyj5kf",6,1,"https://www.reddit.com/r/wallstreetbets/comments/nyj5kf/tsla_bet/"
"350",13,2021-06-12,"nyhl59",22,1,"https://www.reddit.com/r/wallstreetbets/comments/nyhl59/we_have_been_played/"
"351",16,2021-06-12,"nygxdo",4,1,"https://www.reddit.com/r/wallstreetbets/comments/nygxdo/a_tale_of_shady_dealings_part_1/"
"352",3,2021-06-13,"nz6nf6",4,1,"https://www.reddit.com/r/wallstreetbets/comments/nz6nf6/mememania_the_week_ahead_bb_clne_amc_crsr_and_gme/"
"353",12,2021-06-13,"nz0m0t",10,9,"https://www.reddit.com/r/wallstreetbets/comments/nz0m0t/i_attended_the_69_gme_meeting_ama_i_know_im_a/"
"354",15,2021-06-13,"nyzqwc",22,2,"https://www.reddit.com/r/wallstreetbets/comments/nyzqwc/i_attended_the_69_gme_meeting_ama_and_finally/"
"355",21,2021-06-13,"nyvhky",17,1,"https://www.reddit.com/r/wallstreetbets/comments/nyvhky/gme/"
"356",14,2021-06-15,"o0odju",8,15,"https://www.reddit.com/r/wallstreetbets/comments/o0odju/gme_floor_development_prognosis/"
"357",13,2021-06-16,"o19b27",18,0,"https://www.reddit.com/r/wallstreetbets/comments/o19b27/scwx_secureworks_corps_undervalued/"
"358",16,2021-06-16,"o18jns",4,2,"https://www.reddit.com/r/wallstreetbets/comments/o18jns/this_reddit_is_so_divided_get_back_to_basics_amc/"
"359",16,2021-06-17,"o24h5g",4,1,"https://www.reddit.com/r/wallstreetbets/comments/o24h5g/alf_has_2ndhighest_short_interest_behind_gme/"
"360",14,2021-06-18,"o2sd6d",4,1,"https://www.reddit.com/r/wallstreetbets/comments/o2sd6d/reverse_repo_vs_amc_and_gme/"
"361",22,2021-06-18,"o2osb2",4,2,"https://www.reddit.com/r/wallstreetbets/comments/o2osb2/if_gme_and_amc_dont_pop_today_ill_have_to_drop/"
"362",3,2021-06-19,"o3qy47",6,4,"https://www.reddit.com/r/wallstreetbets/comments/o3qy47/google_gme_suppression/"
"363",13,2021-06-19,"o3mjy2",6,1,"https://www.reddit.com/r/wallstreetbets/comments/o3mjy2/can_you_prove_beyond_any_reasonable_doubt_that/"
"364",15,2021-06-19,"o3l4tu",4,1,"https://www.reddit.com/r/wallstreetbets/comments/o3l4tu/gme_is_still_the_true_yolo/"
"365",20,2021-06-19,"o3kk9c",4,2,"https://www.reddit.com/r/wallstreetbets/comments/o3kk9c/gme_bb_yolo/"
"366",22,2021-06-19,"o3j4ep",4,2,"https://www.reddit.com/r/wallstreetbets/comments/o3j4ep/hedgefunds_are_long_on_memestocks_such_as_amc_gme/"
"367",5,2021-06-20,"o4fq13",18,1,"https://www.reddit.com/r/wallstreetbets/comments/o4fq13/cramers_shorts_for_tomorrow/"
"368",12,2021-06-20,"o4b42m",6,0,"https://www.reddit.com/r/wallstreetbets/comments/o4b42m/commendation_to_the_reddit_crows/"
"369",13,2021-06-20,"o4ay1h",20,6,"https://www.reddit.com/r/wallstreetbets/comments/o4ay1h/why_clov_vs_why_not_clov/"
"370",15,2021-06-20,"o49onu",21,3,"https://www.reddit.com/r/wallstreetbets/comments/o49onu/self_fulfilling_prophecy_you_decide/"
"371",23,2021-06-20,"o467kv",3,1,"https://www.reddit.com/r/wallstreetbets/comments/o467kv/heres_stocksera_an_application_to_view_trending/"
"372",3,2021-06-21,"o57d97",15,1,"https://www.reddit.com/r/wallstreetbets/comments/o57d97/amc_ape_now_in_gme/"
"373",4,2021-06-21,"o56srv",11,0,"https://www.reddit.com/r/wallstreetbets/comments/o56srv/nothing_will_beat_gme/"
"374",7,2021-06-21,"o55j39",16,1,"https://www.reddit.com/r/wallstreetbets/comments/o55j39/need_investing_help/"
"375",9,2021-06-21,"o53ztj",10,2,"https://www.reddit.com/r/wallstreetbets/comments/o53ztj/even_with_the_drop_from_34466_to_197_4284_r_still/"
"376",12,2021-06-21,"o53rjh",4,0,"https://www.reddit.com/r/wallstreetbets/comments/o53rjh/trch_this_week_has_a_special_merge_payout_for_all/"
"377",17,2021-06-21,"o52ig5",5,1,"https://www.reddit.com/r/wallstreetbets/comments/o52ig5/workhorse_wkhs_50000_yolo_short_dated_options/"
"378",1,2021-06-22,"o60kum",11,1,"https://www.reddit.com/r/wallstreetbets/comments/o60kum/farewell_one_last_yolo_suggestions_welcome/"
"379",5,2021-06-22,"o5zq3q",7,1,"https://www.reddit.com/r/wallstreetbets/comments/o5zq3q/20000_in_otterbox/"
"380",6,2021-06-22,"o5yt30",9,1,"https://www.reddit.com/r/wallstreetbets/comments/o5yt30/spce_50_july_2nd_calls_for_050_each_27_short_float/"
"381",8,2021-06-22,"o5wpx0",9,1,"https://www.reddit.com/r/wallstreetbets/comments/o5wpx0/hedge_fund_closes_due_to_gme_losses_we_are_winning/"
"382",12,2021-06-22,"o5vhuw",7,1,"https://www.reddit.com/r/wallstreetbets/comments/o5vhuw/question_what_will_be_the_effect_of_gme_and_amc/"
"383",4,2021-06-23,"o6o0lx",8,1,"https://www.reddit.com/r/wallstreetbets/comments/o6o0lx/no_ape_to_me/"
"384",6,2021-06-23,"o6nzjx",3,1,"https://www.reddit.com/r/wallstreetbets/comments/o6nzjx/gme_to_arbitration_to_finra/"
"385",20,2021-06-23,"o6kfru",8,1,"https://www.reddit.com/r/wallstreetbets/comments/o6kfru/state_of_the_discord/"
"386",2,2021-06-24,"o7bvmh",20,1,"https://www.reddit.com/r/wallstreetbets/comments/o7bvmh/question_about_the_moon_stocks_gme_amc_wish_clov/"
"387",4,2021-06-24,"o7bezr",12,1,"https://www.reddit.com/r/wallstreetbets/comments/o7bezr/if_you_rearrange_the_letters_in_nio_you_get/"
"388",7,2021-06-24,"o7as52",13,5,"https://www.reddit.com/r/wallstreetbets/comments/o7as52/mitigating_risks_and_maximizing_returns_using/"
"389",14,2021-06-24,"o79nv9",13,1,"https://www.reddit.com/r/wallstreetbets/comments/o79nv9/insider_sales/"
"390",18,2021-06-24,"o7898m",24,1,"https://www.reddit.com/r/wallstreetbets/comments/o7898m/robinghood_transfer_to_webull/"
"391",20,2021-06-24,"o7864r",15,0,"https://www.reddit.com/r/wallstreetbets/comments/o7864r/short_ideas/"
"392",6,2021-06-25,"o7xwg5",15,1,"https://www.reddit.com/r/wallstreetbets/comments/o7xwg5/crsr_update_2/"
"393",10,2021-06-25,"o7wqdr",3,1,"https://www.reddit.com/r/wallstreetbets/comments/o7wqdr/buy_gme/"
"394",11,2021-06-25,"o7w9s2",4,1,"https://www.reddit.com/r/wallstreetbets/comments/o7w9s2/wsb_has_been_infiltrated_with_active_manipulation/"
"395",18,2021-06-25,"o7v60y",11,1,"https://www.reddit.com/r/wallstreetbets/comments/o7v60y/pltr_long_term_horizon_dd/"
"396",2,2021-06-26,"o8kv84",3,1,"https://www.reddit.com/r/wallstreetbets/comments/o8kv84/first_covered_call_and_wsb_post_ever_i_expect_no/"
"397",8,2021-06-26,"o8i0jk",3,1,"https://www.reddit.com/r/wallstreetbets/comments/o8i0jk/amcfast9lemon_pepper_flavored_tendies_for_all/"
"398",12,2021-06-26,"o8fezx",10,1,"https://www.reddit.com/r/wallstreetbets/comments/o8fezx/sofi_short_interest_148/"
"399",20,2021-06-26,"o8cclb",7,1,"https://www.reddit.com/r/wallstreetbets/comments/o8cclb/athenas_democracy_the_parthenon_was_a_bank/"
"400",2,2021-06-27,"o98eli",22,1,"https://www.reddit.com/r/wallstreetbets/comments/o98eli/lzb_call_options_and_commons/"
"401",11,2021-06-27,"o966f1",14,1,"https://www.reddit.com/r/wallstreetbets/comments/o966f1/diy_sentiment_investing_beating_spy_ytd_and_buzz/"
"402",14,2021-06-27,"o94y4m",8,1,"https://www.reddit.com/r/wallstreetbets/comments/o94y4m/recaf_a_short_squeeze_bigger_than_gme_and_amc/"
"403",20,2021-06-28,"o9pj5w",16,1,"https://www.reddit.com/r/wallstreetbets/comments/o9pj5w/amc_and_another_possible_covid_wave/"
"404",4,2021-06-29,"oaj3yv",6,1,"https://www.reddit.com/r/wallstreetbets/comments/oaj3yv/citadel_revenge/"
"405",11,2021-06-29,"oahq5v",3,1,"https://www.reddit.com/r/wallstreetbets/comments/oahq5v/sofi_short_borrowing_rate_is_99_per_annum_at/"
"406",21,2021-06-29,"oaelh2",12,1,"https://www.reddit.com/r/wallstreetbets/comments/oaelh2/stock_talk_i_dont_know_why_no_one_has_posted/"
"407",22,2021-06-29,"oadilu",3,1,"https://www.reddit.com/r/wallstreetbets/comments/oadilu/next_gmeamc_stock/"
"408",0,2021-06-30,"ob9ceg",7,1,"https://www.reddit.com/r/wallstreetbets/comments/ob9ceg/we_are_retards_non_investors_we_trade_yolo_and/"
"409",5,2021-06-30,"ob7u1y",19,1,"https://www.reddit.com/r/wallstreetbets/comments/ob7u1y/diy_sentiment_investing_beating_spy_ytd_and/"
"410",8,2021-06-30,"ob6upn",12,1,"https://www.reddit.com/r/wallstreetbets/comments/ob6upn/i_called_my_buddy_ken_griffin_because_id_like_to/"
"411",14,2021-06-30,"ob2vlk",3,1,"https://www.reddit.com/r/wallstreetbets/comments/ob2vlk/robinhood_creates_another_record/"
"412",18,2021-06-30,"ob20kv",8,1,"https://www.reddit.com/r/wallstreetbets/comments/ob20kv/clov_im_kind_of_new_to_the_markets_and_reddit/"
"413",19,2021-06-30,"ob1axz",3,1,"https://www.reddit.com/r/wallstreetbets/comments/ob1axz/listen_up_degens_edit_isnt_just_a_soaring_stock/"
